{
  "login": "atlassian",
  "id": 168166,
  "node_id": "MDEyOk9yZ2FuaXphdGlvbjE2ODE2Ng==",
  "url": "https://api.github.com/orgs/atlassian",
  "repos_url": "https://api.github.com/orgs/atlassian/repos",
  "events_url": "https://api.github.com/orgs/atlassian/events",
  "hooks_url": "https://api.github.com/orgs/atlassian/hooks",
  "issues_url": "https://api.github.com/orgs/atlassian/issues",
  "members_url": "https://api.github.com/orgs/atlassian/members{/member}",
  "public_members_url": "https://api.github.com/orgs/atlassian/public_members{/member}",
  "avatar_url": "https://avatars.githubusercontent.com/u/168166?v=4",
  "description": "",
  "name": "Atlassian",
  "company": null,
  "blog": "https://atlassian.com/",
  "location": "Australia",
  "email": "github@atlassian.com",
  "twitter_username": null,
  "is_verified": true,
  "has_organization_projects": true,
  "has_repository_projects": true,
  "public_repos": 376,
  "public_gists": 0,
  "followers": 1037,
  "following": 0,
  "html_url": "https://github.com/atlassian",
  "created_at": "2009-12-16T00:16:42Z",
  "updated_at": "2021-10-05T04:47:19Z",
  "archived_at": null,
  "type": "Organization"
}
