{
  "login": "canonical",
  "id": 53057619,
  "node_id": "MDEyOk9yZ2FuaXphdGlvbjUzMDU3NjE5",
  "url": "https://api.github.com/orgs/canonical",
  "repos_url": "https://api.github.com/orgs/canonical/repos",
  "events_url": "https://api.github.com/orgs/canonical/events",
  "hooks_url": "https://api.github.com/orgs/canonical/hooks",
  "issues_url": "https://api.github.com/orgs/canonical/issues",
  "members_url": "https://api.github.com/orgs/canonical/members{/member}",
  "public_members_url": "https://api.github.com/orgs/canonical/public_members{/member}",
  "avatar_url": "https://avatars.githubusercontent.com/u/53057619?v=4",
  "description": "",
  "name": "Canonical",
  "company": null,
  "blog": "https://canonical.com",
  "location": "London, UK",
  "email": null,
  "twitter_username": "Canonical",
  "is_verified": true,
  "has_organization_projects": true,
  "has_repository_projects": true,
  "public_repos": 1522,
  "public_gists": 0,
  "followers": 2036,
  "following": 0,
  "html_url": "https://github.com/canonical",
  "created_at": "2019-07-18T18:01:10Z",
  "updated_at": "2024-08-16T07:18:22Z",
  "archived_at": null,
  "type": "Organization"
}
