{
  "login": "microsoft",
  "id": 6154722,
  "node_id": "MDEyOk9yZ2FuaXphdGlvbjYxNTQ3MjI=",
  "url": "https://api.github.com/orgs/microsoft",
  "repos_url": "https://api.github.com/orgs/microsoft/repos",
  "events_url": "https://api.github.com/orgs/microsoft/events",
  "hooks_url": "https://api.github.com/orgs/microsoft/hooks",
  "issues_url": "https://api.github.com/orgs/microsoft/issues",
  "members_url": "https://api.github.com/orgs/microsoft/members{/member}",
  "public_members_url": "https://api.github.com/orgs/microsoft/public_members{/member}",
  "avatar_url": "https://avatars.githubusercontent.com/u/6154722?v=4",
  "description": "Open source projects and samples from Microsoft",
  "name": "Microsoft",
  "company": null,
  "blog": "https://opensource.microsoft.com",
  "location": "Redmond, WA",
  "email": null,
  "twitter_username": "OpenAtMicrosoft",
  "is_verified": true,
  "has_organization_projects": true,
  "has_repository_projects": true,
  "public_repos": 6412,
  "public_gists": 0,
  "followers": 75817,
  "following": 0,
  "html_url": "https://github.com/microsoft",
  "created_at": "2013-12-10T19:06:48Z",
  "updated_at": "2024-09-05T16:46:53Z",
  "archived_at": null,
  "type": "Organization"
}
