{
  "login": "oracle",
  "id": 4430336,
  "node_id": "MDEyOk9yZ2FuaXphdGlvbjQ0MzAzMzY=",
  "url": "https://api.github.com/orgs/oracle",
  "repos_url": "https://api.github.com/orgs/oracle/repos",
  "events_url": "https://api.github.com/orgs/oracle/events",
  "hooks_url": "https://api.github.com/orgs/oracle/hooks",
  "issues_url": "https://api.github.com/orgs/oracle/issues",
  "members_url": "https://api.github.com/orgs/oracle/members{/member}",
  "public_members_url": "https://api.github.com/orgs/oracle/public_members{/member}",
  "avatar_url": "https://avatars.githubusercontent.com/u/4430336?v=4",
  "description": "Open Source at Oracle",
  "name": "Oracle",
  "company": null,
  "blog": "https://developer.oracle.com/open-source.html",
  "location": "Austin, TX",
  "email": "opensource_ww_grp@oracle.com",
  "twitter_username": "OracleOSS",
  "is_verified": false,
  "has_organization_projects": true,
  "has_repository_projects": true,
  "public_repos": 284,
  "public_gists": 0,
  "followers": 3618,
  "following": 0,
  "html_url": "https://github.com/oracle",
  "created_at": "2013-05-14T18:05:13Z",
  "updated_at": "2023-07-18T08:14:41Z",
  "archived_at": null,
  "type": "Organization"
}
