{
  "login": "robert-koch-institut",
  "id": 12845192,
  "node_id": "MDEyOk9yZ2FuaXphdGlvbjEyODQ1MTky",
  "url": "https://api.github.com/orgs/robert-koch-institut",
  "repos_url": "https://api.github.com/orgs/robert-koch-institut/repos",
  "events_url": "https://api.github.com/orgs/robert-koch-institut/events",
  "hooks_url": "https://api.github.com/orgs/robert-koch-institut/hooks",
  "issues_url": "https://api.github.com/orgs/robert-koch-institut/issues",
  "members_url": "https://api.github.com/orgs/robert-koch-institut/members{/member}",
  "public_members_url": "https://api.github.com/orgs/robert-koch-institut/public_members{/member}",
  "avatar_url": "https://avatars.githubusercontent.com/u/12845192?v=4",
  "description": "Das RKI ist die zentrale Einrichtung der deutschen Bundesregierung auf dem Gebiet der Krankheitsüberwachung und -prävention.",
  "name": "Robert Koch-Institut",
  "company": null,
  "blog": "http://www.rki.de",
  "location": "Berlin",
  "email": null,
  "twitter_username": "rki_de",
  "is_verified": false,
  "has_organization_projects": true,
  "has_repository_projects": true,
  "public_repos": 49,
  "public_gists": 0,
  "followers": 161,
  "following": 0,
  "html_url": "https://github.com/robert-koch-institut",
  "created_at": "2015-06-11T12:19:24Z",
  "updated_at": "2021-03-11T10:21:36Z",
  "archived_at": null,
  "type": "Organization"
}
